[  
   {  
      "title":"General",
      "disporder":"1",
      "slug":"general",
      "sections":[  
         {  
            "question":"1. What is Rewards2Pay Wallet?",
            "answer":" 
<p>The Rewards2Pay Wallet is your digital wallet that allows you to store and manage your loyalty points\/ miles in safe and secure platform.</p>
<ol> 
<li>You can use your Loyalty cards at retailers to scan and never miss the opportunity to collect more points.</li>
<li>You can monitor your point balance for your Loyalty programs on the go.</li> 
<li>You can redeem points\/miles into Cash and store the cash in your account safe and secure Rewards2Pay account.</li></ol>",
            "dispord":"1"
         },
         {  
            "question":"2. Manage vs Monitor Rewards",
            "answer":"For some Loyalty programs you can manage your loyalty cards i.e. store the card and scan them at the retailer to collect more points. (Refer Steps to Add and Manage section for more details)
\r\nFor some Loyalty programs you can monitor the latest balance of points\/miles held in your rewards account. (Refer Steps to Add and Manage section for more details)
\r\nAnd, for some Loyalty programs you can do both.",
            "dispord":"2"
         },
         {  
            "question":"3. Estimated Balance for each Loyalty Program",
            "answer":"The estimated balance for each Loyalty program is the cash value of your points\/miles balance calculated by our intelligent platform based on the market value of your loyalty points. 
\r\nPlease note this is an approximated valuation of your points and in some cases your Loyalty program can offer alternate options with a better value. 
\r\nThe estimated balance is not the amount of Cash you can redeem your points\/miles for. Please review carefully before redeeming your points for Cash.",
            "dispord":"3"
         },
         {  
            "question":"4. What is Rewards2Pay Estimated Balance?",
            "answer":"This is the net estimated cash balance held in your Loyalty programs. Please note this is an approximated valuation of your points.
\r\nThe estimated balance is not the amount of Cash you can redeem your points\/miles for. Please review carefully before redeeming your points for Cash.",
            "dispord":"4"
         },
         {  
            "question":"5. What is \u201cAuthorizing Rewards2Pay Balance\u201d vs \u201cRewards2Pay Cash Balance\u201d?",
            "answer":"Rewards2Pay requires access to your Loyalty Wallets",
            "dispord":"5"
         }
      ]
   },
   {  
      "title":"Steps to Add\/Manage",
      "disporder":"2",
      "slug":"ico",
      "sections":[  
         {  
            "question":"1. Add New Program using Manage your loyalty cards",
            "answer":" 
Wish to manage your Loyalty points on the go. Simply add the Card number of the Loyalty card by typing the card number. Rewards2Pay wallet will store the card number as a barcode acceptable at partner retailers of your Loyalty program. 
\r\nSimply present the program barcode of the Loyalty Program you wish to collect more points to store clerk and never miss out on an opportunity to collect more points.</p>",
            "dispord":"1"
         },
         {  
            "question":"2. Add New Program using Monitor your loyalty cards",
            "answer":"Wish to monitor your Loyalty point balance on the go. Just click on Monitor Your Card and add the Login user credentials for your Loyalty program. Rewards2Pay will fetch the latest point balance of your program.
\r\nRewards2Pay also continues to update your point balance periodically. If at any time you wish to sync up latest points balance, just click the Refresh link next to your Loyalty program in your Loyalty wallet.",
            "dispord":"2"
         },
         {  
            "question":"3. How to Redeem your Points into Cash?",
            "answer":"Choose the Loyalty Program you wish to redeem. Enter the maximum points you wish to encash OR Enter the maximum cash you wish to redeem, and our Platform will advise best possible conversion of your Points. Just click Confirm once you wish to redeem the points. It is so easy for not just one and many Loyalty programs.",
            "dispord":"3"
         },
         {  
            "question":"4. How to Payout Rewards2Pay Cash?",
            "answer":"Just integrate your PayPal account to your Rewards2Pay profile. Click the \u2018Payout\u2019 button on your Loyalty dashboard to confirm deposit the Rewards2Pay Cash in your PayPal account. PayPal allows safe and secure Cash deposit direct into your bank account.",
            "dispord":"4"
         }
      ]
   },
   {  
      "title":"Our Next Goals",
      "disporder":"3",
      "slug":"token",
      "sections":[  
         {  
            "question":"What to look forward \u2013 Our Next goals?",
            "answer":" 

We have built this platform with our customer at the top of our mind. We also believe in sharing with you how we continue to work tirelessly to improve your experience. We want to continue to improve your experience, stay connected with your Loyalty programs and stayed connected with us everywhere you wish to see us. Our key next goals are-</p> 
<ol>
 <li>Add more and more Loyalty programs to make Rewards2pay your ultimate Loyalty Wallet.<\/li>\r\n\t 
 <li>Enhance User experience and allow Redemptions for more Loyalty Program.</li>\r\n\t 
 <li>We continue to work with industry partners to allow you to spend for Rewards2Pay Cash Balance more seamlessly.<\/li></ol>",
            "dispord":"1"
         }
      ]
   },
     {  
       "title":"Terms and Conditions",
      "disporder":"4",
      "slug":"client",
      "sections":[   
          
         {  
            "question":"Terms and Conditions ('Terms')",
            "answer":" <p>Please read these Terms and Conditions ('Terms','Terms and Conditions' ) carefully before using the http://www.Rewards2Pay website (the 'Service') operated by Rewards2Pay ('Us',
            'We',            or 'Our').</p>\r\n\r\n 
<p>
Your access to and use of the Service is conditioned on your acceptance of and compliance with these Terms. These Terms apply to all visitors,
            users and others who access or use the Service.</p>\r\n\r\n 
<p>
By accessing or using the Service you agree to be bound by these Terms. If you disagree with any part of the terms then you may not access the Service. By clicking “Login” or “Register”,
            you acknowledge that you have read and understood the terms and conditions of this Agreement and that you agree to be bound by all of its provisions.<\/strong> By clicking “Login” or “Register,
            ” you also consent to use electronic signatures and acknowledge your click of the “Login” or “Register” button as one.</p>\r\n\r\n 

<b>Terms of Use of Rewards2Pay </b>
\r\n <p>You may only register once with Rewards2Pay. We reserve the right to terminate and delete any duplicate accounts at our sole and absolute discretion at any time and without notice. You own the information you provide Rewards2Pay under this Agreement,
            and may request its deletion at any time,
            unless you have shared information or content with others and they have not deleted it,
            or it was copied or stored by other users. </p>\r\n\r\n 
<p>
You may use Rewards2Pay for personal purpose only and not for any business,
            commercial or other use. When you join Rewards2Pay directly as a new user,
            you will be required to provide a password for your account. Your email address will be used as your login identification. You are responsible for keeping your user ID and password confidential.</p>\r\n\r\n 
<p>
We are entitled to act on all instructions received by anyone using your account and are not responsible for any transaction made without your authorization. You consent to receive communications from us electronically. We will communicate with you by e-mail or by posting notices on Rewards2Pay. You agree that all agreements,
            notices,
            disclosures and other communications that we provide to you electronically satisfy any legal requirement that such communications be in writing. Further,
            you are responsible for anything that happens through your account until you close down your account or prove that your account security was compromised due to no fault of your own.</p>\r\n\r\n 
<p>
You may not take any action that imposes,
            or may impose,
            in our discretion,
            an unreasonable or disproportionately large load on our infrastructure. The use of robots,
            spiders,
            scripts or other automated agents or programs is strictly prohibited on Rewards2Pay.</p>",
            "dispord":"0"
         },
         {  
            "question":"Terms of Use of Rewards2Pay",
            "answer":"You may only register once with Rewards2Pay. We reserve the right to terminate and delete any duplicate accounts at our sole and absolute discretion at any time and without notice. You own the information you provide Rewards2Pay under this Agreement, and may request its deletion at any time, unless you have shared information or content with others and they have not deleted it, or it was copied or stored by other users. \r\n\r\nYou may use Rewards2Pay for personal purpose only and not for any business, commercial or other use. When you join Rewards2Pay directly as a new user, you will be required to provide a password for your account. Your email address will be used as your login identification. You are responsible for keeping your user ID and password confidential.\r\n\r\nWe are entitled to act on all instructions received by anyone using your account and are not responsible for any transaction made without your authorization. You consent to receive communications from us electronically. We will communicate with you by e-mail or by posting notices on Rewards2Pay. You agree that all agreements, notices, disclosures and other communications that we provide to you electronically satisfy any legal requirement that such communications be in writing. Further, you are responsible for anything that happens through your account until you close down your account or prove that your account security was compromised due to no fault of your own.\r\n\r\nYou may not take any action that imposes, or may impose, in our discretion, an unreasonable or disproportionately large load on our infrastructure. The use of robots, spiders, scripts or other automated agents or programs is strictly prohibited on Rewards2Pay.",
            "dispord":"1"
         },
         {  
            "question":"Transactions on Rewards2Pay",
            "answer":"
            <ul class='rgb'><li>
            1. As a user of Rewards2Pay you are to conduct the following loyalty commerce transactions:
a. You may redeem your loyalty program currency and convert to cash equivalent on Rewards2Pay. 
b. You may choose the loyalty program currencies you wish to redeem on Rewards2Pay.
c. You may use Rewards2Pay to track the balance of your loyalty programs.</li>
            <li>2. In order for us to allow a transaction using your loyalty program currency and display them to you, we need to know specific information regarding your loyalty reward program accounts (such as your reward program account number, user identification, personal identification number, password and/or access code). This information enables us to update your account balances on an ongoing basis. By providing this information to us you authorize us to use and disclose such information to third parties on your behalf in order to display your balances and to execute and complete transactions on Rewards2Pay.</li>
            <li>3. ALL TRANSACTIONS ARE FINAL AND NON-REFUNDABLE. ONCE A TRANSACTION HAS BEEN SUBMITTED IT MAY NOT BE CANCELLED OR REVERSED.</li>
            <li>4. WE RESERVE THE RIGHT TO REVIEW, CANCEL AND REVERSE ANY TRANSACTION IN THE EVENT OF FRAUD, A CHARGE-BACK OF ANY TRANSACTION FEE PAID BY CREDIT CARD, OR AN ERROR OR MISTAKE MADE BY US, INCLUDING ERRORS IN ANY LOYALTY POINT CONVERSION, REDEMPTION OR SWAP RATE. YOU HEREBY CONSENT TO THE REMOVAL OF LOYALTY POINTS FROM YOUR LOYALTY PROGRAM ACCOUNTS AS REQUIRED BY US TO REVERSE A CANCELLED TRANSACTION.</li>
            <li>5. You agree to comply with the terms, conditions and rules of the loyalty programs involved in your transaction.</li>
            <li>6. If your transaction requires a cash payment, we will collect certain credit card or PayPal information from you. By submitting the transaction, you authorize us to charge your credit card for the amount indicated. Rewards2Pay acknowledges its obligation to protect cardholder data it processes.</li>
            <li>7. Rewards2Pay also allows you to track the balances in the loyalty programs you belong to. We make reasonable efforts to ensure that the balances displayed to you are accurate and up to date; Rewards2Pay cannot ensure that this will always be the case and hereby disclaims any responsibility for the accuracy of such balances.</li>
            <li>8. We endeavour to provide current and accurate information from your Loyalty Programs regarding the offers and transactions available to you. Nevertheless, errors and misprints occur. Accordingly, we reserve the right to reject, correct, cancel or terminate any transaction for which the price or offer details were incorrectly displayed or for which any other erroneous or inaccurate information was provided. We reserve the right to do this at any time during the transaction process, including after a transaction has been submitted and even if the transaction has been confirmed by us. Under no circumstances are we obligated to process or complete any transaction based on any error, misprint or otherwise.</li>
            <li>9. In order to process the transaction, we rely on redemption of your points from your Loyalty Programs. Once we are have received the order or redeemed the points in any manner we may choose, only then we are liable to complete your transaction. If you or your Loyalty program changes make any changes in the process affecting the redemption process, we hold complete authority to cancel the transaction and/or even terminate your membership with Rewards2Pay</li>
            <li>10. The funds deposited in your Credit card and PayPal account may vary on the bank providers.</li>
            <li>11. Balance redeemed from each Loyalty program using the Rewards2Pay platform is help in safe and secure digital Rewardd2Pay wallet and is held until a payout is requested using the linked PayPal account.</li>
            
            </ul>",
             "dispord":"2"
         },
         {  
            "question":"Termination",
            "answer":"
            <ul class='rgb'>
            <li>1. We may terminate your right to use Rewards2Pay immediately, without notice to you, if, in our sole discretion, you fail to comply with any of these terms and conditions of use or engage in any fraudulent, criminal or other unauthorized activity.</li>
            <li>2. We may also close and terminate your account due to inactivity. </li>
            </ul>",
            "dispord":"3"
         },
         {  
            "question":"Service Eligibility",
            "answer":"To be eligible to use the Service, you must meet the following criteria and represent and warrant that you: (i) are the \u201cMinimum Age\u201d (i.e. 18 years old) or older; (ii) are not currently restricted from the Service, or not otherwise prohibited from having a Rewards2Pay account; (ii) are not a competitor of Rewards2Pay or are not using the Services for reasons that are in competition with Rewards2Pay; (iv) will only maintain one Rewards2Pay account at any given time; (v) will use your real name and only provide accurate information to Rewards2Pay; (vi) have full power and authority to enter into this Agreement and doing so will not violate any other agreement to which you are a party; (vii) will not violate any rights of Rewards2Pay or third party, including intellectual property rights such as copyright or trademark rights; (viii) will agree to provide at your cost all equipment, software, mobile access, and internet access necessary to use the Services.",
            "dispord":"4"
         },
         {  
            "question":"Indemnification",
            "answer":"You agree to indemnify us and hold us harmless for all damages, losses and costs (including, but not limited to, reasonable attorneys\u2019 fees and costs) related to all third party claims, charges, and investigations, caused by your failure to comply with this Agreement, including, without limitation, your submission of content that violates third party rights or applicable laws. You will honor your payment obligations and you agree with us storing your payment information. Also there can be fees and taxes that are added to our prices.",
            "dispord":"5"
         },
         {  
            "question":"Payment",
            "answer":"If you purchase any product or services that require a payment fee, you agree to Rewards2Pay storing your payment information. Depending on where you transact with us, the type of payment method used and where your payment method was issued, your transaction with us may be subject to foreign exchange fees or differences in prices, including because of exchange rates. Rewards2Pay does not support all payment methods, currencies or locations for payment. Additionally, if you require a printed invoice for your transaction, you may access it through your Rewards2Pay account settings under \u201cPurchase History\u201d, or request one by contacting our Customer Support.",
            "dispord":"6"
         },
         {  
            "question":"Services Availability",
            "answer":"For as long as Rewards2Pay continues to offer the Services, Rewards2Pay shall provide and seek to update, improve and expand the Services. As a result, we allow you to access Rewards2Pay as it may exist and be available on any given day and we have no other obligations, except as expressly stated in this Agreement. We may modify, replace, refuse access to, suspend or discontinue Rewards2Pay, partially or entirely, or change and modify prices for all or part of the Services for you or for all our Members in our sole discretion. All of these changes shall be effective upon their posting on Rewards2Pay or by direct communication to you unless otherwise noted. Rewards2Pay further reserves the right to withhold, remove or discard any content available as part of your account, with or without notice if deemed by Rewards2Pay to be contrary to this Agreement. For avoidance of doubt, Rewards2Pay has no obligation to store, maintain or provide you a copy of any content that you or other Members provide when using the Services.",
            "dispord":"7"
         },
         {  
            "question":"Third Party Sites",
            "answer":"Rewards2Pay may include links to third party web sites (\u201cThird Party Sites\u201d). You are responsible for evaluating whether you want to access or use a Third Party Site. You should review any applicable terms or privacy policy of a Third Party Site before using it or sharing any information with it, because you may give the third-party permission to use your information in ways we would not. Rewards2Pay is not responsible for and does not endorse any features, content, advertising, products or other materials on or available from Third Party Sites.",
            "dispord":"8"
         },
         {  
            "question":"Disclosure of User Information",
            "answer":"You acknowledge, consent and agree that we may access, preserve, and disclose your registration and any other information you provide in accordance with the terms of the Privacy Policy if required to do so by law or in a good faith belief that such access preservation or disclosure is reasonably necessary in our opinion to: (i) comply with legal process, including, but not limited to, civil and criminal subpoenas, court orders or other compulsory disclosures; (ii) enforce this Agreement; (iii) respond to claims of a violation of the rights of third parties, whether or not the third party is a Member, individual, or government agency; (iv) respond to customer service inquiries; or (v) protect the rights, property, or personal safety of Rewards2Pay, our Members or the public. Disclosures of Member information to third parties other than those required to provide customer support, administer this agreement, or comply with legal requirements are addressed in the Privacy Policy.",
            "dispord":"9"
         },
         {  
            "question":"Intellectual Property Notices",
            "answer":"The Service includes the copyrights and Intellectual property rights of Rewards2Pay and except for the limited license granted to you in Section 3, Rewards2Pay reserves all of its intellectual property rights in the Service. Rewards2Pay, the Rewards2Pay and logos and other Rewards2Pay trademarks, service marks, graphics, and logos used in connection with Rewards2Pay are trademarks or registered trademarks of Rewards2Pay. Other trademarks and logos used in connection with Rewards2Pay may be the trademarks of their respective owners. This Agreement does not grant you any right or license with respect to any such trademarks and logos.\r\n\r\nAll materials and content on Rewards2Pay (collectively the \"Content\"), including, without limitation, text, data, information, images, illustrations, audio clips, video clips, special games, surveys and special promotions, are protected by intellectual property rights owned and controlled by us and\/or our suppliers and loyalty program partners. None of the Content may be copied, downloaded, reproduced, republished, uploaded, posted, transmitted or distributed in any way without our prior written consent or except as specifically permitted on Rewards2Pay. Use of the Content for any purpose other than your own personal and non-commercial use is prohibited and is a violation of copyrights and other intellectual property rights.\r\n\r\nThe trademarks, logos and service marks that you see on Rewards2Pay are owned and controlled by us and\/or our suppliers and loyalty program partners. Nothing herein or on Rewards2Pay grants you any license or right to use any such marks or logos. Your misuse of any such marks or logos is strictly prohibited and is a violation of copyrights and other intellectual property rights.",
            "dispord":"10"
         },
         {  
            "question":"Dispute Resolution",
            "answer":"This Agreement and your use of Rewards2Pay is governed exclusively by the laws of the Province of Ontario, Canada notwithstanding any principles of conflicts of law. To the extent permitted by applicable law, any claim, dispute or controversy between you and us shall be determined by final and binding arbitration, with no right of appeal, even on questions of law. Such arbitration will be conducted in Toronto, Ontario, Canada in the English language pursuant to the National Arbitration Rules of the ADR Institute of Canada. If the foregoing arbitration is not permitted by applicable law or any court with jurisdiction, you irrevocably agree that all claims, disputes or controversies shall be settled exclusively by the courts of the Province of Ontario.",
            "dispord":"11"
         },
         {  
            "question":"Entire Agreement, Waiver and Severability",
            "answer":"This Agreement, together with any applicable transaction request and confirmation, constitute the entire agreement between you and us with respect to your use of Points.com and the processing of any transactions thereon and supersede all prior or contemporaneous agreements or understandings, if any, whether written or oral, relating to such subject matter. No modification, amendment or waiver of this Agreement shall be effective or binding unless made in writing and signed by us. If any of the provisions of this Agreement shall be deemed invalid, void, or for any reason unenforceable, that provision shall be deemed severable and shall not affect the validity and enforceability of any remaining provision.",
            "dispord":"12"
         },
         {  
            "question":"Force Majeure",
            "answer":"We shall have no liability for delays or failure in performance caused by any act of God, war, strike, labour dispute, work stoppage, fire, act of government, or any other cause, whether similar or dissimilar beyond our control.",
            "dispord":"13"
         },
         {  
            "question":"Entire Agreement",
            "answer":"You agree that this Agreement constitutes the entire, complete and exclusive Agreement between you and Rewards2Pay regarding the Services and supersedes all prior agreements and understandings, whether written or oral, or whether established by custom, practice, policy or precedent, with respect to the subject matter of this Agreement.",
            "dispord":"14"
         },
         {  
            "question":"Amendments to this Agreement",
            "answer":"We reserve the right to modify, supplement or replace the terms of this Agreement, effective upon posting at Rewards2Pay or notifying you otherwise. For example, we may present a banner on the Services when we have amended this Agreement or the Privacy Policy so that you may access and review the changes prior to your continued use of the site. If you do not want to agree to changes to this Agreement, you can terminate this Agreement at any time (Termination).",
            "dispord":"15"
         },
         {  
            "question":"No Injunctive Relief",
            "answer":"In no event shall you seek or be entitled to rescission, injunctive or other equitable relief, or to enjoin or restrain the operation of the Service, exploitation of any advertising or other materials issued in connection therewith, or exploitation of the Services or any content or other material used or displayed through the Services.",
            "dispord":"16"
         }
      ]
   },
    {  
      "title":"Privacy Policy",
      "disporder":"5",
      "slug":"legal",
      "sections":[  
           
         {  
            "question":"Privacy Policy",
            "answer":" 
<p>
The personal information provided to, or gathered by Rewards2Pay.com is controlled by Rewards2Pay.com ('we','our', or 'us'). We take your privacy seriously but if you have any concern about providing information to us or having such information displayed on the Rewards2Pay.com services or otherwise used in any manner permitted in this Privacy Policy and the User Agreement,
            you should not become a Member of Rewards2Pay.com or visit our website. When an account is created with us,
            the information provided (including your name,email address,and password) that we use to give you a personalized and relevant experience on Rewards2Pay.com. We encourage you to periodically review this page for the latest information on our privacy practices.</p>",
            "dispord":"1"
         },
         {  
            "question":"Personal Information We Collect",
            "answer":"<p>To create an account on Rewards2Pay.com, you must provide us with at least your name, email address, and a password. You can choose to provide further information about yourself during the registration process. You understand that, by creating an account, Rewards2Pay.com and others will be able to identify you by your Rewards2Pay.com profile, and you allow Rewards2Pay.com to use this information in accordance with this Privacy and our User Agreement. We may also ask for your credit card details if you purchase certain Rewards2Pay.com services.</p>

<p>The Personal Information we may collect includes, among other things:</p>

<ul>
	<li>
	<p>1.user account information, such as your name, home address, phone number, email address;</p>
	</li>
	<li>
	<p>2. loyalty program account information for the programs you register with Rewards2Pay.com, including your program account numbers and passwords, and your program balances; and</p>
	</li>
	<li>
	<p>3. transaction information such as your credit card information and the details of your transaction.</p>
	</li>
</ul>

<ul>
	<li>
	<p>1. Anonymous or &ldquo;non-personal&rdquo; information gathered by Rewards2Pay.com may be used for technical, marketing, research or analytical purposes and includes, among other things:</p>
	</li>
	<li>
	<p>2. your current geographical location; and</p>
	</li>
	<li>
	<p>3. information you post on Rewards2Pay.com publicly accessible blogs or community forums.</p>
	</li>
</ul>
",
            "dispord":"2"
         },
         {  
            "question":"Use of Personal Information",
            "answer":"<p>We generally use your Personal Information for the following purposes, and otherwise with your consent or as permitted or required by applicable law:</p>
<p>communicating with you and providing you with information on loyalty program offers that may be of interest to you;</p>
<ul>
	
	<li>
	<p>1. processing transactions that you have submitted and displaying your account history to you;</p>
	</li>
	<li>
	<p>2. improving the performance and utility of our website;</p>
	</li>
	<li>
	<p>3. generally managing and administering our business;</p>
	</li>
	<li>
	<p>4. preventing and prosecuting fraud; and</p>
	</li>
	<li>
	<p>5. meeting legal, regulatory, insurance and security requirements.</p>
	</li>
	<li>
	<p>6. use cookies and similar technologies to help us recognize you, improve your Rewards2Pay.com experience, increase security, measure use of our Services, and serve redemption and advertising.</p>
	</li>
</ul>
",
            "dispord":"3"
         },
         {  
            "question":"Disclosure of Your Personal Information",
            "answer":"<p>We may disclose your Personal Information in the following circumstances, and otherwise with your consent or as permitted or required by applicable law:</p>

<ul>
	<li>
	<p>1. to our loyalty program and redemption partners in order to process and fulfill the transactions you have submitted;</p>
	</li>
	<li>
	<p>2. to third parties as we deem necessary or appropriate to prevent, limit or otherwise prosecute fraud;</p>
	</li>
	<li>
	<p>3. to third parties for marketing purposes to communicate with you and to serve advertisements to you that may be of interest to you; and</p>
	</li>
	<li>
	<p>4. as necessary to meet legal, regulatory, insurance, audit and security requirements.</p>
	</li>
</ul>
",
            "dispord":"4"
         },
         {  
            "question":"Social Media Widgets",
            "answer":"Our web site includes Social Media Features, such as the Facebook button and Widgets, among other things. These Features may collect your IP address, which page you are visiting on our website, and may set a cookie to enable the Feature to function properly. Social Media Features and Widgets are either hosted by a third party or hosted directly on our website. Your interactions with these Features are governed by the privacy policy of the company providing it.",
            "dispord":"5"
         },
         {  
            "question":"Your Consent",
            "answer":"In accordance with applicable privacy legislation, by providing us with your consent to this privacy policy, you consent to our collection, use and disclosure of your Personal Information for the purposes identified in this policy, or as otherwise disclosed at the time of collection. You may withdraw your consent to our collection, use or disclosure at any time, provided that if you withdraw your consent to certain uses, we may no longer be able to provide our services to you.",
            "dispord":"6"
         },
         {  
            "question":"Email",
            "answer":"When you send us an email or when you ask us to respond to you by email, we collect your exact email address and any information you have included in the email message.\r\n\r\nWe use your email address to acknowledge your comments and\/or reply to your questions, and we will store your communication and our reply in case we correspond further. We may use your email address to send you information about offers on products or special promotions that we believe may be of interest to you. If you don\u2019t want us to contact you by email with offers on products and special promotions, you may tell us by selecting the unsubscribe option at the bottom of the communication.\r\n\r\nRemember that email sent over the Internet is generally unencrypted and transmitted in clear text. We recommend that you use caution when forwarding free-format email messages to us and that you do not include confidential information (such as unique user IDs, passwords or personally identifiable information) in those messages. Confidential information should be transmitted to us through other secure methods as defined by Rewards2Pay.com",
            "dispord":"7"
         },
         {  
            "question":"Service Providers",
            "answer":"We use the services of various third party companies and contractors (referred to here as \"service providers\") in the conduct of our business. These service providers provide us with payment processing services, information technology services for our software applications, marketing and survey services and other essential services. These service providers may, from time to time, collect, use, store, disclose and process Personal Information on our behalf only as necessary to provide services to us, including for marketing purposes to communicate with you and to serve advertisements to you on Partner program offers that may be of interest to you. These service providers are located in various jurisdictions including, among others, Canada, the United States and the European Union and, as a result, your Personal Information may be stored, processed or transferred into or out of these countries. We take reasonable measures and precautions to protect your Personal Information when it is being handled by our service providers. If you wish to obtain more information on our use of service providers and our policies and practices regarding such service providers, please contact us as set forth below.",
            "dispord":"8"
         },
         {  
            "question":"Security",
            "answer":"Personal Information transmitted to our website is using industry standard encryption, which creates a private conversation between your computer and our site. We authenticate our website and enable TLS\/SSL encryption to protect your sensitive data and transactions. No method of transmission over the Internet is 100% secure and as such we cannot guarantee absolute security for the transmission of your Personal Information.",
            "dispord":"9"
         },
         {  
            "question":"Data Retention",
            "answer":"We will retain your Personal Information for as long as your account is active or as needed to provide you services. If you wish to cancel your account or request that we no longer use your information to provide you services contact us here. We will retain and use your Personal Information after closure of your account as necessary to meet legal, regulatory, insurance and audit requirements.",
            "dispord":"10"
         },
         {  
            "question":"Accuracy",
            "answer":"Rewards2Pay.com will try to ensure that information about you is accurate, complete and up-to-date. You will have the ability to review Personal Information on Rewards2Pay.com. In the event your Personal Information is not accurate, you will have the ability to update your Personal Information through your Rewards2Pay.com profile. If we have disclosed inaccurate information about you to a third party, we will be pleased to contact the third party in order to correct the information.\r\n\r\nRewards2Pay.com assumes no responsibility for the content or the privacy policies of third party websites to which we may provide links or references. Please be aware that when you do follow any links from Rewards2Pay.com to another site not owned or operated by Rewards2Pay.com you are subject to their privacy policies.",
            "dispord":"11"
         },
         {  
            "question":"Access, Choice, and Contacting Us",
            "answer":"You have a right to (i) access, modify, correct, or delete your personal information controlled by Rewards2Pay.com regarding your profile, (ii) change or remove your content, and (iii) close your account. You can also contact us for any account information which is not on your profile or readily accessible to you. If you close your account, your information will generally be removed from the Service within 24 hours. We generally delete closed account information and will de-identify any logs or other backup information within 30 days of account closure, except as noted below.\r\n\r\nPlease note that information you have shared with others that others have copied may also remain visible after you have closed your account or deleted the information from your own profile. \r\n\r\nWe keep your information for as long as your account is active or as needed. For example, we may keep certain information even after you close your account if it is necessary to comply with our legal obligations, meet regulatory requirements, resolve disputes, prevent fraud and abuse, or enforce this agreement.\r\n\r\nIf you wish to close your Rewards2Pay.com account, please contact customer service here. If you wish to request access to or deletion of your Personal Information or have any other questions, concerns or complaints regarding our Personal Information policies and practices, please contact us as follows: vgrewards@gmail.com, with Subject marked as Data Privacy Concern",
            "dispord":"12"
         }
      ]
   }
   
]
