[
    {
        "progId": "CA_CIBC_011",
        "programName": "CIBC",
        "businessCategory":"BANKS(5)",
        "canManage":"N",
        "canMonitor":"Y",
        "canRedeem":"Y",
        "canBarcodeStandard":"NA",
        "minimumBalance":3500,
        "lastUpdated": 1799449702,
        "active": false
    },
    {
        "progId": "CA_AMEX_011",
        "programName": "AMEX",
        "businessCategory":"BANKS(5)",
        "canManage":"N",
        "canMonitor":"Y",
        "canRedeem":"Y",
        "canBarcodeStandard":"NA",
        "minimumBalance":3500,
        "lastUpdated": 1799449702,
        "active": false
    },
    {
        "progId": "CA_AEROPLAN_011",
        "programName": "AEROPLAN",
        "businessCategory":"AIRLINES(7)",
        "canManage":"Y",
        "canMonitor":"Y",
        "canRedeem":"Y",
        "canBarcodeStandard":"code_128",
        "minimumBalance":7000,
        "lastUpdated": 1899446702,
        "active": false
    },
    {
        "progId": "CA_DELTA_011",
        "programName": "DELTA",
        "businessCategory":"AIRLINES(7)",
        "canManage":"Y",
        "canMonitor":"Y",
        "canRedeem":"N",
        "canBarcodeStandard":"code_128",       
		"minimumBalance":90,
        "lastUpdated": 1399446702,
        "active": false
    },
    {
        "progId": "CA_MBNA_011",
        "programName": "MBNA",
        "businessCategory":"BANKS(5)",
        "canManage":"N",
        "canMonitor":"Y",
        "canRedeem":"Y",
        "canBarcodeStandard":"NA",
        "minimumBalance":90,
        "lastUpdated": 1299449702,
        "active": false
    },
    {
        "progId": "CA_AA_011",
        "programName": "AA",
        "businessCategory":"AIRLINES(7)",
        "canManage":"Y",
        "canMonitor":"Y",
        "canRedeem":"N",
        "canBarcodeStandard":"code_128",
        "minimumBalance":90,
        "lastUpdated": 1299449702,
        "active": false
    },
    {
        "progId": "CA_UA_011",
        "programName": "UA",
        "businessCategory":"AIRLINES(7)",
        "canManage":"Y",
        "canMonitor":"Y",
        "canRedeem":"N",
        "canBarcodeStandard":"code_128",
        "minimumBalance":90,
        "lastUpdated": 1299449702,
        "active": false
    },
    {
        "progId": "CA_WESTJET_011",
        "programName": "WESTJET",
        "businessCategory":"AIRLINES(7)",
        "canManage":"Y",
        "canMonitor":"Y",
        "canRedeem":"N",
        "canBarcodeStandard":"code_128",
        "minimumBalance":95,
        "lastUpdated": 1299449702,
        "active": false
    },
    {
        "progId": "CA_AIRMILES_011",
        "programName": "AIRMILES",
        "businessCategory":"AIRLINES(7)",
        "canManage":"Y",
        "canMonitor":"Y",
        "canRedeem":"Y",
        "canBarcodeStandard":"EAN-13 Code",
        "minimumBalance":95,
        "lastUpdated": 1299449702,
        "active": false
    },
    {
        "progId": "CA_BMO_011",
        "programName": "BMO",
        "businessCategory":"BANKS(5)",
        "canManage":"N",
        "canMonitor":"Y",
        "canRedeem":"Y",
        "canBarcodeStandard":"NA",
        "minimumBalance":5500,
        "lastUpdated": 1299449702,
        "active": false
    },
    
    {
        "progId": "CA_TD_011",
        "programName": "TD",
        "businessCategory":"BANKS(5)",
        "canManage":"N",
        "canMonitor":"Y",
        "canRedeem":"Y",
        "canBarcodeStandard":"NA",
        "minimumBalance":10000,
        "lastUpdated": 1299449702,
        "active": false
    }
    
]
