{
    "id": "testing7",
    "lastUpdate": null,
    "lastUpdatedBy": null,
    "firstName": null,
    "lastName": null,
    "address": null,
    "city": null,
    "zipCode": null,
    "phone": null,
    "userEmail": null,
    "altPhone": null,
    "dob": null,
    "userToken": null,
    "tokenCreated": null,
    "status": null,
    "resetCount": 0,
    "wallet": {
        "walletId": null,
        "walletBalance": 40,
        "softWalletBalance": 308,
        "estimatedWalletValue": 647.95,
        "lastUpdated": null
    }
}
