{
    "id": null,
    "lastUpdate": null,
    "lastUpdatedBy": null,
    "firstName": "Joe",
    "lastName": "Smith",
    "address": null,
    "city": null,
    "zipCode": null,
    "phone": null,
    "userEmail": null,
    "altPhone": null,
    "dob": null,
    "userToken": "fa55593b-5b5e-4582-8304-7b14b65b0553",
    "tokenCreated": 1530106884688,
    "status": null,
    "resetCount": 0,
     "wallet": {
        "walletId": null,
        "walletBalance": 0,
        "softWalletBalance": 0,
        "estimatedWalletValue": 0,
        "lastUpdated": null
    }
}
