[
    {
        "userId": "testing7",
        "transactionId": "1001",
        "walletId": "3",
        "progId": "CA_CIBC_011",
        "orderId": "ORD#1532288209",
        "paymentId": null,
        "status": "ACTIVE",
        "lastUpdated": 1532288243000,
        "curProgPointBalance": 16785,
        "softPointBal": 8785,
        "orderPointValue": 8000,
        "orderCashValue": 40,
        "walletBalance": 40,
        "softWalletBalance": 128
    },
    {
        "userId": "testing7",
        "transactionId": "1002",
        "walletId": "3",
        "progId": "CA_BMO_011",
        "orderId": "ORD#1532290308",
        "paymentId": null,
        "status": "ACTIVE",
        "lastUpdated": 1532290310000,
        "curProgPointBalance": 54922,
        "softPointBal": 44422,
        "orderPointValue": 10500,
        "orderCashValue": 40,
        "walletBalance": 40,
        "softWalletBalance": 168
    },
    {
        "userId": "testing7",
        "transactionId": "1003",
        "walletId": "3",
        "progId": "CA_BMO_011",
        "orderId": "ORD#1532290481",
        "paymentId": null,
        "status": "ACTIVE",
        "lastUpdated": 1532290482000,
        "curProgPointBalance": 44422,
        "softPointBal": 33922,
        "orderPointValue": 10500,
        "orderCashValue": 40,
        "walletBalance": 40,
        "softWalletBalance": 208
    },
    {
        "userId": "testing7",
        "transactionId": "1004",
        "walletId": "3",
        "progId": "CA_BMO_011",
        "orderId": "ORD#1532308664",
        "paymentId": null,
        "status": "ACTIVE",
        "lastUpdated": 1532308664000,
        "curProgPointBalance": 33922,
        "softPointBal": 13422,
        "orderPointValue": 20500,
        "orderCashValue": 80,
        "walletBalance": 40,
        "softWalletBalance": 288
    },
    {
        "userId": "testing7",
        "transactionId": "1005",
        "walletId": "3",
        "progId": "CA_TD_011",
        "orderId": "ORD#1532322484",
        "paymentId": null,
        "status": "ACTIVE",
        "lastUpdated": 1532322484000,
        "curProgPointBalance": 12321,
        "softPointBal": 2321,
        "orderPointValue": 10000,
        "orderCashValue": 20,
        "walletBalance": 40,
        "softWalletBalance": 308
    }
]
