[
    {
        "progId": "CA_AA_011",
        "programName": "American Advantage",
        "cardNumber": "87237623451",
        "pointBalance": 3615,
        "pointBalance1": null,
        "cashBalance": 6,
        "pointsSoftBalance": null,
        "lastUpdated": 1699446702,
        "registerdEmail": null,
        "cpFlag": null,
        "active": false
    },
    {
        "progId": "CA_AMEX_011",
        "programName": "AMEX",
        "cardNumber": "9080877654534653",
        "pointBalance": 100,
        "pointBalance1": null,
        "cashBalance": 0,
        "pointsSoftBalance": null,
        "lastUpdated": 1530243846,
        "registerdEmail": null,
        "cpFlag": null,
        "active": false
    },
    {
        "progId": "CA_CIBC_011",
        "programName": "CIBC",
        "cardNumber": null,
        "pointBalance": 16785,
        "pointBalance1": null,
        "cashBalance": 0,
        "pointsSoftBalance": null,
        "lastUpdated": 1530679989,
        "registerdEmail": null,
        "cpFlag": null,
        "active": false
    },
    {
        "progId": "CA_DELTA_011",
        "programName": "Delta",
        "cardNumber": "887766554433",
        "pointBalance": 11335,
        "pointBalance1": null,
        "cashBalance": 0,
        "pointsSoftBalance": null,
        "lastUpdated": 1530243556,
        "registerdEmail": null,
        "cpFlag": null,
        "active": false
    },
    {
        "progId": "CA_MBNA_011",
        "programName": "MBNA",
        "cardNumber": "11223344556677",
        "pointBalance": 19306,
        "pointBalance1": null,
        "cashBalance": 0,
        "pointsSoftBalance": null,
        "lastUpdated": 1530243576,
        "registerdEmail": null,
        "cpFlag": null,
        "active": false
    },
    {
        "progId": "CA_TD_011",
        "programName": "TD",
        "cardNumber": null,
        "pointBalance": 12321,
        "pointBalance1": null,
        "cashBalance": 0,
        "pointsSoftBalance": null,
        "lastUpdated": 1529551795,
        "registerdEmail": null,
        "cpFlag": null,
        "active": false
    },
    {
        "progId": "CA_TD_011",
        "programName": "TD",
        "cardNumber": null,
        "pointBalance": 0,
        "pointBalance1": null,
        "cashBalance": null,
        "pointsSoftBalance": null,
        "lastUpdated": 1530481450,
        "registerdEmail": null,
        "cpFlag": null,
        "active": false
    },
    {
        "progId": "CA_UA_011",
        "programName": "United Airlines",
        "cardNumber": "A5464RTE6734",
        "pointBalance": 11995,
        "pointBalance1": null,
        "cashBalance": 0,
        "pointsSoftBalance": null,
        "lastUpdated": 1530243388,
        "registerdEmail": null,
        "cpFlag": null,
        "active": false
    },
    {
        "progId": "CA_UA_011",
        "programName": "United Airlines",
        "cardNumber": "99999999",
        "pointBalance": 4421,
        "pointBalance1": null,
        "cashBalance": null,
        "pointsSoftBalance": null,
        "lastUpdated": 1530481399,
        "registerdEmail": null,
        "cpFlag": null,
        "active": false
    },
    {
        "progId": "CA_WESTJET_011",
        "programName": "WESTJET",
        "cardNumber": null,
        "pointBalance": 4674,
        "pointBalance1": null,
        "cashBalance": 0,
        "pointsSoftBalance": null,
        "lastUpdated": 1530243544,
        "registerdEmail": null,
        "cpFlag": null,
        "active": false
    }
]
